184.09831904717703,187.27903273749615,9.0,9.0
174.38417060163735,176.6222674929389,9.0,9.0
166.26056837019928,168.89633500465533,9.0,9.0
165.8570512006953,164.98034841324852,9.0,9.0
159.5653880379229,159.90875297942313,9.53,9.53
157.68316052712368,156.9118394304491,9.53,9.53
151.7635003640787,154.07055900779446,9.53,9.53
151.74139554679041,150.36292144346902,9.53,9.53
149.78013770754018,148.35862755881723,9.53,9.53
145.22565706134344,147.02508281020658,9.53,9.53
146.39192369165508,147.17812432608687,9.53,9.53
144.53319187954332,144.17939423093563,9.53,9.53
142.48855420096967,144.32326813209548,9.53,9.53
142.8430922468572,143.9036353879974,9.53,9.53
142.15728965511158,141.670905035506,9.53,9.53
143.3456390694793,144.52068748615838,9.53,9.53
505.8393265178936,143.36884369343628,9.53,-9.53
142.73096498493547,143.86129326920351,9.53,9.53
141.6734440945524,140.64485965036744,9.53,9.53
145.12548610550047,140.83169355412193,9.53,9.53
671.1609860413689,138.94795366211338,9.53,-9.53
139.05867328265586,143.81343351468342,9.53,9.53
137.50094504716472,142.1545632991143,9.53,9.53
181.901842502938,138.18031331889324,9.53,-9.53
142.88783604208555,145.31516656732583,9.53,9.53
142.711346708305,140.40118098157473,9.53,9.53
138.43681116830447,141.25513755728895,9.53,9.53
141.12570576914857,140.19874252128886,9.53,9.53
142.79703665517343,141.05682859076575,9.53,9.53
613.6343509126079,140.90597050993733,9.53,-9.53
142.47474426321043,137.66991771803137,9.53,9.53
139.58116427295295,143.21841336541388,9.53,9.53
141.98349683933736,141.8086515262772,9.53,9.53
138.36246955058832,142.22925755606073,9.53,9.53
140.18279388195774,140.08339738833422,9.53,9.53
142.95416166136997,141.91944838655883,9.53,9.53
139.4576122211459,139.66279086340685,9.53,9.53
144.16197780365414,141.86041081604952,9.53,9.53
140.97667052975856,142.878058336796,9.53,9.53
141.66199544775418,139.86847002124614,9.53,9.53
141.67479014173378,142.32580161357177,9.53,9.53
142.38286608023398,140.81958326903865,9.53,9.53
144.04137073002076,140.72150651254236,9.53,9.53
141.03851230599662,141.13503878877987,9.53,9.53
141.78754734832287,141.1623521943137,9.53,9.53
138.44222284925388,140.39673540998018,9.53,9.53
141.62938481161333,141.33578246757273,9.53,9.53
141.37091435533432,144.11495214598332,9.53,9.53
141.16561712487956,142.0653859246074,9.53,9.53
139.26415826712235,138.9643758277329,9.53,9.53
141.71680173283903,143.65078428165415,9.53,9.53
141.5906696493941,141.98944296838485,9.53,9.53
142.5524693495994,140.56251466297695,9.53,9.53
140.92752223400055,143.17331199403745,9.53,9.53
140.6486235149266,143.05826677583852,9.53,9.53
142.9550635531224,142.541850787759,9.53,9.53
141.57058671596667,141.64399370687127,9.53,9.53
142.33869436478153,806.4635345193734,-9.53,9.53
142.90309589860348,653.7610836224404,-9.53,9.53
146.28764012232392,143.7784988640307,9.53,9.53
143.3364825108321,144.3765210446314,9.53,9.53
139.46302265006557,799.9920895940625,-9.53,9.53
139.69658291532267,234.2994757718209,-9.53,9.53
142.8679605334734,141.17552845832284,9.53,9.53
137.05451243842285,139.93893730606572,9.53,9.53
140.91242580366443,139.89633794039116,9.53,9.53
140.32028104329157,832.8791298136089,-9.53,9.53
144.3177932049475,729.1516531968363,-9.53,9.53
140.70236699136436,142.84419643147334,9.53,9.53
138.3150632521192,138.52473805046836,9.53,9.53
139.79767386603987,140.45903273771094,9.53,9.53
140.83739156848395,758.6705930278498,-9.53,9.53
143.0514222916658,142.79067805034637,9.53,9.53
140.14872748080842,822.5448211544624,-9.53,9.53
139.4728853012199,141.88252134894927,9.53,9.53
139.02260144417485,151.9988618192722,9.53,9.53
138.47506297892943,751.3776183705075,-9.53,9.53
142.14165177519803,143.4497642027533,9.53,9.53
139.07406611945044,141.11212982511506,9.53,9.53
139.89407544909676,531.1157816585855,-9.53,9.53
143.15589542232033,144.67667277247958,9.53,9.53
137.85150159670536,137.61553786581055,9.53,9.53
141.2119239565016,397.39347645204583,-9.53,9.53
141.42943066371924,141.81766896864897,9.53,9.53
139.82662873088427,138.534787240956,9.53,9.53
140.40337000999713,712.3656679466926,-9.53,9.53
142.23887645609392,141.9154968862006,9.53,9.53
140.05729034551211,140.67192621524336,9.53,9.53
139.13104488951566,141.5491732776184,9.53,9.53
138.94143125972806,740.036121465419,-9.53,9.53
142.37100753353843,144.02094129160457,9.53,9.53
140.91011418270926,681.9256544365859,-9.53,9.53
144.1207714265064,142.83735647361613,9.53,9.53
142.2395414412089,140.828268146427,9.53,9.53
140.50951864778284,138.74370667977038,9.53,9.53
138.99435349640927,780.3806323043948,-9.53,9.53
139.9354515200156,327.4046333586405,-9.53,9.53
143.25907410437912,146.13928269966277,9.53,9.53
140.15773171963744,139.88117768415577,9.53,9.53
140.9252941146538,139.6738565456876,9.53,9.53
137.37672134436465,139.79171869378044,9.53,9.53
141.64339975895916,139.25484878242563,9.53,9.53
139.83495069843735,141.58039754920543,9.53,9.53
141.01984919322726,626.0606228495778,-9.53,9.53
144.3073000559163,142.3739078048383,9.53,9.53
141.79155352965415,140.4158410320794,9.53,9.53
139.9867298457313,832.165824571803,-9.53,9.53
141.46042829313078,820.9753678003599,-9.53,9.53
143.33831597953355,144.9052620116058,9.53,9.53
139.27662168361118,141.07440624658227,9.53,9.53
139.13973034152093,138.9874294812598,9.53,9.53
140.26426267282875,137.6559546135908,9.53,9.53
140.71534373006358,602.4476564037857,-9.53,9.53
141.01749792887793,141.18246481972804,9.53,9.53
140.64493411448063,141.9529833620132,9.53,9.53
143.08777495123243,145.44890022590633,9.53,9.53
140.93782530271815,743.294201411011,-9.53,9.53
142.89662268718413,145.2912631259583,9.53,9.53
140.51864596176262,144.3954864604897,9.53,9.53
143.05903643067452,143.06153209316403,9.53,9.53
142.22388305353647,141.68912348456269,9.53,9.53
141.43451682030968,578.7649560525803,-9.53,9.53
141.72312203150562,142.36063439274378,9.53,9.53
140.9654806039758,141.15708584505296,9.53,9.53
141.32120446588053,642.0883373086206,-9.53,9.53
141.55357262966348,143.85244327197017,9.53,9.53
141.24713903815092,712.2604578289524,-9.53,9.53
141.53811319956182,144.4282502882742,9.53,9.53
138.02564540119397,139.58168909587513,9.53,9.53
141.56586148120152,167.19842539422822,-9.53,9.53
143.78112763901893,143.87297786929898,9.53,9.53
142.43294938447235,138.59026116709376,9.53,9.53
141.16205042832894,738.6955339528888,-9.53,9.53
142.20063401762076,141.90227231567943,9.53,9.53
140.2739099481793,139.56472409687862,9.53,9.53
140.94023906994872,556.2237462400603,-9.53,9.53
142.40486698268325,143.76537303631414,9.53,9.53
141.17073583261248,141.23898828881698,9.53,9.53
142.8732755129003,138.74470372430798,9.53,9.53
142.1950782590234,140.8736687421371,9.53,9.53
139.6197069865158,140.91380344612512,9.53,9.53
140.4299199436383,142.44682706353876,9.53,9.53
140.30656866811475,136.8871782348899,9.53,9.53
143.17009366181796,143.4815867659266,9.53,9.53
142.01923419196817,141.4687332553542,9.53,9.53
138.18889381315324,142.5642978855719,9.53,9.53
141.5714321580148,138.94991719960214,9.53,9.53
143.36971717610706,139.43818035835352,9.53,9.53
140.37893131409132,140.07384928806997,9.53,9.53
144.0325939820093,141.04699183618146,9.53,9.53
143.30794502176735,139.46606271888106,9.53,9.53
142.49998296849998,141.88430134395105,9.53,9.53
142.37595952325458,140.09619025091737,9.53,9.53
139.20997331220204,140.55328508298987,9.53,9.53
141.684799965852,145.00649711052986,9.53,9.53
142.06299731782505,141.6310569570531,9.53,9.53
141.39909001670608,142.22909331269696,9.53,9.53
140.35549233897228,139.47988879450196,9.53,9.53
142.4080283731744,139.61865426047387,9.53,9.53
144.99514245053953,141.67337825726867,9.53,9.53
138.6089211659906,141.32273867269933,9.53,9.53
138.15794632252715,142.2909067237917,9.53,9.53
139.21546334507534,145.23435456935343,9.53,9.53
142.6214550862027,138.82163971263526,9.53,9.53
140.39695739762595,140.723381453938,9.53,9.53
425.5099479409677,143.7993541438417,9.53,-9.53
142.88391514387385,142.10151843029482,9.53,9.53
142.63801815506608,141.10459849239035,9.53,9.53
823.198911087865,141.88191255474868,9.53,-9.53
700.1281673409351,142.89772860143495,9.53,-9.53
144.36494986943492,144.79829973846702,9.53,9.53
141.41451352777415,141.09206071205614,9.53,9.53
139.14016573187823,138.52972730226026,9.53,9.53
504.46508384211955,140.03615939659852,9.53,-9.53
139.77849127408905,142.90186670876983,9.53,9.53
822.9023671186059,142.0231549869952,9.53,-9.53
417.9854616485575,142.919833757576,9.53,-9.53
139.3144811348276,141.67025287565662,9.53,9.53
140.1033635101033,135.7340868151711,9.53,9.53
141.1786374542614,138.910319300241,9.53,9.53
140.26419193019083,139.82998702128552,9.53,9.53
140.47746533418436,140.771740013993,9.53,9.53
140.6790806901216,140.93694913857058,9.53,9.53
142.94314678730825,141.08047355813483,9.53,9.53
140.32124009574954,141.68928797862912,9.53,9.53
141.2239461052362,139.2153086074092,9.53,9.53
142.08422922099285,141.1089793426821,9.53,9.53
139.74386275450146,140.32217695617274,9.53,9.53
139.22087637948601,141.66913421077624,9.53,9.53
142.2118931806393,142.54237388426893,9.53,9.53
141.28064936839573,140.01305681304058,9.53,9.53
142.86452442863154,141.32923193978732,9.53,9.53
140.81581820324973,138.35566961034095,9.53,9.53
140.2768378153754,143.05779739869524,9.53,9.53
142.29648294820055,142.1322525026493,9.53,9.53
143.81474435342298,142.73699589414068,9.53,9.53
141.5773170021457,142.16097159454384,9.53,9.53
145.20567897220516,140.6369546295753,9.53,9.53
140.4022671946274,140.07305732241315,9.53,9.53
141.74249626201814,140.92208619260398,9.53,9.53
143.22414464470478,142.8384137872235,9.53,9.53
140.41923485755154,141.91461290531234,9.53,9.53
143.65889844296274,142.22948165999122,9.53,9.53
144.01312031204728,140.52769449601686,9.53,9.53
138.83792424572027,142.65685246772856,9.53,9.53
141.38542213127405,142.89068580527416,9.53,9.53
142.15505284408908,143.35142614470627,9.53,9.53
143.13168453480347,758.2463982198295,-9.53,9.53
144.62793932851284,644.0707241228888,-9.53,9.53
142.15278014316365,139.83388162541132,9.53,9.53
141.18307550675584,143.0878879865414,9.53,9.53
143.10221384691837,140.24979388960705,9.53,9.53
140.9367730809513,649.6343234398744,-9.53,9.53
142.2851337419436,513.487681501243,-9.53,9.53
142.75986615976922,143.6688637206104,9.53,9.53
138.82347432449257,142.44302835245068,9.53,9.53
137.39973892770803,137.6830003063547,9.53,9.53
139.71333477623017,336.37377954301,-9.53,9.53
143.6931944335395,140.19983185675056,9.53,9.53
141.54211807179607,798.6285321039157,-9.53,9.53
145.05182905841536,694.730429620661,-9.53,9.53
144.426616766685,144.30998950325545,9.53,9.53
141.53338397563863,140.56787297909298,9.53,9.53
141.71848151361644,137.89561650623466,9.53,9.53
141.29811159610924,154.49145869026637,9.53,9.53
139.712043032023,656.5105244806717,-9.53,9.53
142.64580973492642,142.17377929442776,9.53,9.53
140.41416135920895,739.8400930012893,-9.53,9.53
139.5652636033638,141.76845182120647,9.53,9.53
139.50438445733107,141.04910886029248,9.53,9.53
139.93268749686857,475.1488707543509,-9.53,9.53
142.14535819515245,142.45925767155381,9.53,9.53
143.28160485738937,141.68411609123888,9.53,9.53
138.0009565342919,140.18204731860985,9.53,9.53
142.5126781138528,142.2856246746068,9.53,9.53
142.40359781674792,840.1276959992169,-9.53,9.53
140.36329316879485,395.52893239510496,-9.53,9.53
143.41096187834856,142.7957904540683,9.53,9.53
138.5117897818249,140.07473031418797,9.53,9.53
139.13162434563532,141.4612475508629,9.53,9.53
138.07240731774206,139.96099077747922,9.53,9.53
140.6174766684549,687.1387816722325,-9.53,9.53
143.55967394883967,143.23845089683255,9.53,9.53
140.68319318601309,143.72852998354952,9.53,9.53
142.44064771562583,137.9445750354508,9.53,9.53
140.89713498188337,531.8098980617885,-9.53,9.53
144.6345797056159,145.13390959505213,9.53,9.53
142.92971880706617,142.55727082019973,9.53,9.53
137.7055822274097,682.1573254122455,-9.53,9.53
145.04134062632642,141.611306068698,9.53,9.53
139.7941768092903,138.47036053810515,9.53,9.53
139.75255960186894,688.0178008396326,-9.53,9.53
142.62747333656907,141.693781380979,9.53,9.53
140.96246391558432,525.5218451444491,-9.53,9.53
142.5226133689229,141.50649421744927,9.53,9.53
137.31777582263518,137.48201197251282,9.53,9.53
140.09931180961195,484.3872896452357,-9.53,9.53
143.50216478452367,144.35090332744164,9.53,9.53
141.52568170930832,140.90081200342863,9.53,9.53
141.65929191565232,775.9833998601081,-9.53,9.53
142.70225812816466,657.9230732544557,-9.53,9.53
142.96770131034725,140.8080751542713,9.53,9.53
141.51761828614534,141.5670477119729,9.53,9.53
141.93114645339634,140.80705712810382,9.53,9.53
141.9647684163753,141.03602667811683,9.53,9.53
142.89907071326866,140.28527635713206,9.53,9.53
141.67490463477668,139.14613334416208,9.53,9.53
141.0407379669769,362.80302638544333,-9.53,9.53
142.4183126122527,155.24942258285267,9.53,9.53
142.5602154966552,142.1242918322174,9.53,9.53
140.01701314205567,139.59080758625473,9.53,9.53
141.44991730850282,504.9100101443009,-9.53,9.53
142.6262272799667,144.1969538845342,9.53,9.53
143.3038722345984,141.81497524348447,9.53,9.53
140.14966724299674,141.3754724060843,9.53,9.53
142.39832576010883,142.1786767433417,9.53,9.53
139.3597838017226,141.4224835680615,9.53,9.53
139.02794632616576,142.20100973093744,9.53,9.53
138.59762412644108,140.63394719854537,9.53,9.53
139.6261440699155,144.51983040804578,9.53,9.53
138.2742840236644,141.78063313334363,9.53,9.53
140.49068916021713,140.87007689390492,9.53,9.53
141.94294988485547,142.86234808481979,9.53,9.53
141.00256158194696,142.2020487847581,9.53,9.53
141.84079347218068,141.01025316981628,9.53,9.53
143.69272232372214,141.5195906274111,9.53,9.53
140.73482152593118,142.89346959738282,9.53,9.53
137.48220560259426,143.27337580533444,9.53,9.53
142.06176871992517,144.0573999941847,9.53,9.53
143.26076251773574,141.37934059337795,9.53,9.53
139.54863678889578,141.97105419793817,9.53,9.53
139.1194681285132,139.44164558969055,9.53,9.53
142.01318371066475,137.71634119184972,9.53,9.53
140.85434532569823,140.28986033797082,9.53,9.53
143.97471919933918,141.4158887023662,9.53,9.53
140.31409336224218,143.20450919594006,9.53,9.53
140.6017374844165,140.88414403084607,9.53,9.53
139.7281703472249,141.50442884645346,9.53,9.53
143.17642055750744,141.84385217431654,9.53,9.53
389.6303367714571,141.97362250163474,9.53,-9.53
408.35517567321233,145.14424556266965,9.53,-9.53
142.23486753618548,143.76220386210738,9.53,9.53
141.14878984635507,141.3893167190215,9.53,9.53
500.201304958044,138.22027163425264,9.53,-9.53
143.49867944134746,141.00774413767545,9.53,9.53
138.44914959446987,138.93232983188523,9.53,9.53
502.0930327460342,140.0228658561497,9.53,-9.53
142.6011741209341,142.08142383821794,9.53,9.53
140.43761633909202,138.42622690711445,9.53,9.53
267.81183577093265,140.10678242944903,9.53,-9.53
141.93464315019668,141.64476640491446,9.53,9.53
140.09188355251297,139.34495930040057,9.53,9.53
138.62075473330893,140.10558691112013,9.53,9.53
138.79145445772278,139.57232366742517,9.53,9.53
140.00702562918812,142.4766949856593,9.53,9.53
140.5007328951486,142.51312848424732,9.53,9.53
142.44629068808305,142.99581368563267,9.53,9.53
140.9233245409431,141.98841539011812,9.53,9.53
141.07529741800556,143.34740599139187,9.53,9.53
139.16377555249687,140.58697608028078,9.53,9.53
139.9349459964011,138.62513187310168,9.53,9.53
141.3891235618488,140.34098918684703,9.53,9.53
139.914897240165,139.68651114346233,9.53,9.53
142.06416869979165,143.06054221417688,9.53,9.53
138.17350901902805,140.53602346725708,9.53,9.53
141.9866219810461,140.74126801123612,9.53,9.53
141.06561584573026,141.42678922394856,9.53,9.53
140.9089428901046,142.2435921709349,9.53,9.53
140.79218730963626,141.59885141302644,9.53,9.53
143.3663690816834,141.12071867372396,9.53,9.53
142.11351723304975,142.66890799965782,9.53,9.53
142.06259070203538,143.45924691057007,9.53,9.53
142.32820410608932,141.7006488315119,9.53,9.53
138.81326211754805,142.8646486838021,9.53,9.53
139.10862219449598,144.58551355904868,9.53,9.53
140.97047648456106,836.1251475364281,-9.53,9.53
143.8161738958026,820.3503286125587,-9.53,9.53
143.04361134184828,496.78523820044603,-9.53,9.53
143.9225909313918,143.76921302565862,9.53,9.53
139.89115482073333,142.19433642484427,9.53,9.53
136.5592204777007,138.35419779547757,9.53,9.53
137.92767840788486,140.2061304171215,9.53,9.53
142.31637062556976,833.0758070311647,-9.53,9.53
140.50263850286206,837.9092495456849,-9.53,9.53
141.902586845952,141.1362269130597,9.53,9.53
139.90582848723903,418.60032262019985,-9.53,9.53
141.74967996373758,143.4532797347954,9.53,9.53
139.24730696322175,139.98631079126744,9.53,9.53
141.45415692550472,660.0927561042059,-9.53,9.53
142.62759483807886,143.46127700950169,9.53,9.53
141.1258379802227,526.4831539583785,-9.53,9.53
143.68403057737078,143.01675607911685,9.53,9.53
139.2858405796408,668.4434048684924,-9.53,9.53
141.86920421435337,141.59492243050357,9.53,9.53
140.53788404680975,137.91400074975238,9.53,9.53
141.93805176799717,829.6227336859899,-9.53,9.53
139.7291067046177,144.08638546190136,9.53,9.53
139.67262257113217,699.9382027301681,-9.53,9.53
142.0348489626119,681.7995299616139,-9.53,9.53
139.78371189409964,144.02589400392097,9.53,9.53
140.62533465419781,141.16962016320983,9.53,9.53
140.8955538627093,139.56180048188293,9.53,9.53
137.39992357533455,139.66632201972868,9.53,9.53
140.22488780713152,170.60548351436182,-9.53,9.53
143.7730975082136,141.7481086220067,9.53,9.53
138.56861155098983,141.29515150847146,9.53,9.53
142.22308610449298,819.9502339424882,-9.53,9.53
143.2225893945831,143.00288361142066,9.53,9.53
139.0849710267026,142.82934466367354,9.53,9.53
145.16964351666275,709.4901720252824,-9.53,9.53
143.2191195222039,144.07896633054304,9.53,9.53
137.58026593231577,140.27701392772082,9.53,9.53
138.67052051794437,138.70918996140574,9.53,9.53
141.60765890431094,558.4404556979595,-9.53,9.53
145.23075535658376,143.3272386582681,9.53,9.53
136.29166552378456,139.16101214729204,9.53,9.53
140.72602071200663,137.93076011217565,9.53,9.53
139.80455392696743,721.4014121933988,-9.53,9.53
142.41077180276062,140.45736810863917,9.53,9.53
141.37376528848276,140.2757765773168,9.53,9.53
141.02257311807602,139.88995173169786,9.53,9.53
141.88004468075388,776.5547585770261,-9.53,9.53
141.06198433837733,146.30753909577305,9.53,9.53
139.0445674634857,203.75243055008954,-9.53,9.53
142.7585127394604,141.54774025238052,9.53,9.53
137.90030768175905,140.0825575801517,9.53,9.53
141.56042997094028,143.214292071863,9.53,9.53
142.57604039711,651.1188746585296,-9.53,9.53
143.4088122770869,140.64006421680628,9.53,9.53
141.3658559315952,138.8207153790594,9.53,9.53
139.79184970381405,139.34555618813496,9.53,9.53
140.13114122785956,720.5018493457121,-9.53,9.53
144.4995470961985,143.2824323312591,9.53,9.53
141.21477540708688,140.57388232142318,9.53,9.53
139.61833760662833,141.95297922539112,9.53,9.53
142.01473922882408,603.5457583255532,-9.53,9.53
142.56804821203673,141.45145723522685,9.53,9.53
143.00159986910245,140.50574777150064,9.53,9.53
141.167605493127,141.45236459530943,9.53,9.53
143.29578299524854,140.9628959024335,9.53,9.53
141.5129813920512,139.41403767313258,9.53,9.53
143.00922853209266,137.35606410024653,9.53,9.53
142.51975786398987,139.60324061077068,9.53,9.53
141.13827815282949,140.23469368588465,9.53,9.53
144.1653792490138,143.56277701866483,9.53,9.53
143.18790583480245,143.34656406478112,9.53,9.53
142.74835194887632,139.54716332840815,9.53,9.53
141.14448562602973,140.19706108256625,9.53,9.53
143.5135736321105,140.57863653524646,9.53,9.53
141.40645655330533,142.27593706466993,9.53,9.53
141.5936585693508,144.68788861189515,9.53,9.53
139.5933491973674,138.83436596631526,9.53,9.53
139.78497846370223,141.03414952853018,9.53,9.53
141.6820248256642,140.65093307382097,9.53,9.53
143.64993814685707,140.00221196828917,9.53,9.53
139.44576063168452,143.35732882435514,9.53,9.53
141.03479824298844,143.8289436646432,9.53,9.53
142.64679404531412,140.66268238306995,9.53,9.53
140.34902204731935,142.48412151703863,9.53,9.53
717.5248891020792,138.85227803700104,9.53,-9.53
146.391211928697,144.56591870987373,9.53,9.53
796.5415981238252,141.68137540331182,9.53,-9.53
192.65023962094514,142.41659175220215,9.53,-9.53
140.2192413577545,143.49548719525356,9.53,9.53
138.9900798110551,139.20887747737623,9.53,9.53
141.4493848125433,138.23646540128215,9.53,9.53
797.9089264557109,139.20532310395484,9.53,-9.53
268.75929819473237,143.45693973445643,9.53,-9.53
145.22320858920588,144.84278777297814,9.53,9.53
140.8146482942367,138.9778537111613,9.53,9.53
139.5238548863878,138.85731145653935,9.53,9.53
139.73352631252388,139.96199465056114,9.53,9.53
139.41641286195213,139.35749753194284,9.53,9.53
140.41682192437762,142.42275938531625,9.53,9.53
140.15174676652973,141.62947846696605,9.53,9.53
139.22535896310566,139.81505064947058,9.53,9.53
137.39337987990368,141.4222739059084,9.53,9.53
227.02351273031277,144.19681201572914,9.53,-9.53
144.54407562676408,141.6966103243427,9.53,9.53
138.48597607575894,141.88818873016265,9.53,9.53
139.51856510028523,142.46226742319593,9.53,9.53
139.4204311163279,140.67226323132778,9.53,9.53
141.64516767920765,139.4607854976557,9.53,9.53
140.13118366690134,140.02105400649438,9.53,9.53
144.12689823812792,140.61493609444648,9.53,9.53
140.97080963937182,141.38721056518403,9.53,9.53
141.5834577276246,138.57564212273948,9.53,9.53
140.67360130303484,139.6324025704133,9.53,9.53
141.70795482835697,142.6758839990641,9.53,9.53
140.03480705694616,142.44515858434065,9.53,9.53
140.27371909252525,141.6497248596407,9.53,9.53
139.96911040027186,139.22480596034842,9.53,9.53
141.3990887244732,140.73839621466811,9.53,9.53
141.23092691437458,141.23294609034633,9.53,9.53
144.1074046340203,140.56198143079467,9.53,9.53
139.08402192026952,141.13503535186405,9.53,9.53
141.9005664189839,142.06107942852984,9.53,9.53
141.4474076914547,141.31096603896384,9.53,9.53
142.29285351215674,141.03091586264296,9.53,9.53
140.17234975209584,140.39684012551913,9.53,9.53
139.77727012406694,140.39751400122455,9.53,9.53
142.10746538477682,141.74072720949502,9.53,9.53
140.90261791736143,541.1327217744911,-9.53,9.53
143.08147281080707,143.161739202654,9.53,9.53
140.65019504148447,755.2532511400851,-9.53,9.53
143.54640036906528,495.8217395322608,-9.53,9.53
139.96019273834727,142.10548937957702,9.53,9.53
140.56998265887557,142.82539779643804,9.53,9.53
139.31689412198276,142.2612789108312,9.53,9.53
139.5192262267563,807.2790760887068,-9.53,9.53
143.8730317854585,430.6620651668006,-9.53,9.53
142.1150862060803,142.60136061918064,9.53,9.53
140.37808314721963,141.4003901985535,9.53,9.53
140.42498618196845,138.5689460458397,9.53,9.53
139.15054964778778,138.65149718814774,9.53,9.53
143.41513374365564,746.2990549324348,-9.53,9.53
144.11063782599828,650.767105002375,-9.53,9.53
143.9488553889025,143.50539231480008,9.53,9.53
138.74331159965496,141.85299780538372,9.53,9.53
141.62593972440342,139.89578369019324,9.53,9.53
138.9995276755743,140.43901231823702,9.53,9.53
139.48675762302014,471.02158182886296,-9.53,9.53
144.373601921852,140.19662922310073,9.53,9.53
139.62460893691727,749.4033884248915,-9.53,9.53
140.31456301936262,142.67569542821735,9.53,9.53
141.05105331728825,141.92699120612536,9.53,9.53
140.47976801992465,140.65308556465334,9.53,9.53
142.0313609676835,467.57103845044685,-9.53,9.53
143.16792413009307,465.12410010746663,-9.53,9.53
144.80007193301728,139.13560544438266,9.53,9.53
138.09473481953108,141.27587825809863,9.53,9.53
140.58825443266304,140.1285465162674,9.53,9.53
138.80721081840633,140.84618153272615,9.53,9.53
140.58623256294018,139.44115643797863,9.53,9.53
139.93150766003924,395.97828924173683,-9.53,9.53
143.71610733650888,140.56594893518493,9.53,9.53
141.69501831550133,140.15032405625064,9.53,9.53
142.21585929935864,139.46740351214407,9.53,9.53
144.40941532594206,141.43914761700032,9.53,9.53
143.4318473992249,605.4579413819428,-9.53,9.53
141.27456677271243,145.78885067627064,9.53,9.53
138.35624687533038,751.4070898682685,-9.53,9.53
142.57396881690008,244.79959023405226,-9.53,9.53
139.50864886762022,140.40175017613447,9.53,9.53
140.30728694276547,138.48806658800737,9.53,9.53
138.58549968798621,137.91477577694312,9.53,9.53
140.9291767321941,140.88257578702064,9.53,9.53
139.68130635307284,141.75959956332704,9.53,9.53
141.78860908486945,499.62161590902815,-9.53,9.53
144.83030583538311,141.9757264608868,9.53,9.53
138.7386947261212,141.6422807834585,9.53,9.53
141.1621788971922,757.0475188665047,-9.53,9.53
144.15953267266912,143.12814995851292,9.53,9.53
140.8944506452939,565.2381622857442,-9.53,9.53
140.9458719544254,142.80091455868262,9.53,9.53
138.4274986588978,138.4236092939655,9.53,9.53
139.0930261293453,454.89212566251615,-9.53,9.53
143.6125921092778,143.18129445010052,9.53,9.53
138.48549359360405,139.0495739990079,9.53,9.53
140.33442341793412,139.67066129150652,9.53,9.53
141.88512464554324,141.86793841105955,9.53,9.53
139.6723335336175,683.7566026950255,-9.53,9.53
143.02503524360597,145.87265125509214,9.53,9.53
139.93998947087624,139.5070449048382,9.53,9.53
139.11506504913348,141.21347075564006,9.53,9.53
140.46497917018718,141.20413143980957,9.53,9.53
143.04712221973912,141.86586448162282,9.53,9.53
142.84309962551774,141.2756644651105,9.53,9.53
141.6197487487503,141.3518272586991,9.53,9.53
142.21398467915776,140.99570042128246,9.53,9.53
141.9913000745132,141.5191988187926,9.53,9.53
141.96113053766493,311.77422853373196,-9.53,9.53
141.16372923493796,144.0169856418583,9.53,9.53
143.04353735889376,140.537129986211,9.53,9.53
139.22609293704332,135.9749686489113,9.53,9.53
142.19921273826,139.3745811613279,9.53,9.53
140.85117442611556,141.35137046606138,9.53,9.53
139.47430335283224,138.53540372407517,9.53,9.53
140.20824779274483,139.04918068556697,9.53,9.53
138.1912758840415,142.2511847502631,9.53,9.53
143.01577300619934,142.96501901323887,9.53,9.53
140.76273328879316,142.96383148206365,9.53,9.53
139.92634610813937,139.15908238790138,9.53,9.53
139.82644469560222,140.61439964850578,9.53,9.53
141.18108150856858,141.37875462053492,9.53,9.53
142.16053759646826,140.01356255584702,9.53,9.53
142.68816067985068,142.97970876474312,9.53,9.53
141.3802986807113,140.1886769389779,9.53,9.53
141.68143399080623,141.02912922539275,9.53,9.53
139.72603043854343,139.73304221406443,9.53,9.53
139.9202416776736,139.14453129378376,9.53,9.53
141.0477199832427,138.0056814933493,9.53,9.53
140.58951641039732,140.3507702976775,9.53,9.53
140.38659064169045,140.9408651075519,9.53,9.53
140.65152541935174,143.49183818426042,9.53,9.53
140.8453699520637,144.637874524053,9.53,9.53
142.0343576256999,139.71513806284617,9.53,9.53
142.2753073588641,142.1108951047928,9.53,9.53
168.80139037538987,141.03194628065364,9.53,-9.53
141.48935361095323,144.08890067747564,9.53,9.53
811.2716350497759,143.5132756548913,9.53,-9.53
142.319152640691,143.558133112116,9.53,9.53
141.76648046802168,140.8549385216202,9.53,9.53
179.88975630327164,141.13534110149163,9.53,-9.53
144.8967730247551,142.4321801575128,9.53,9.53
138.1046273348834,140.28237841300202,9.53,9.53
623.386433500368,139.9614574494291,9.53,-9.53
143.51103271071818,142.73394756604597,9.53,9.53
144.09985529961804,139.73327511500858,9.53,9.53
141.70567735114562,140.72223043038852,9.53,9.53
140.96729568453412,138.47135744471083,9.53,9.53
203.8441530601756,140.2992338155459,9.53,-9.53
140.4993053562027,142.24205350417031,9.53,9.53
140.5028350118756,143.52641985465587,9.53,9.53
141.91208368731074,140.34840999725736,9.53,9.53
142.203190829432,139.67945647948454,9.53,9.53
140.82795636479173,141.13836955635472,9.53,9.53
141.013786174334,140.15827681562533,9.53,9.53
139.89777499712056,142.82947506868823,9.53,9.53
141.66227407939627,142.29893814998985,9.53,9.53
140.7538544477453,141.3430744225216,9.53,9.53
142.05255658870897,140.9512682964328,9.53,9.53
141.9069510513571,142.64970251283262,9.53,9.53
140.45765347860706,140.71771837987225,9.53,9.53
142.8687726705459,139.82705387760456,9.53,9.53
142.1127970824793,142.116411006446,9.53,9.53
143.47228053960393,141.88732324724418,9.53,9.53
145.3443279485807,140.23899468359036,9.53,9.53
143.8365258605667,143.59480561717248,9.53,9.53
142.90730575565092,139.25654655499878,9.53,9.53
144.01861835985179,141.0689904709417,9.53,9.53
144.17636130000122,140.39529193758767,9.53,9.53
139.73582156898703,684.301499833246,-9.53,9.53
146.77182558548722,425.54298040867985,-9.53,9.53
143.19973364158767,142.2311612028528,9.53,9.53
139.83515319232026,332.93629828531147,-9.53,9.53
141.2989432299137,144.25955432055017,9.53,9.53
140.0557549882201,140.03925971920617,9.53,9.53
137.79787541979226,603.9736100065516,-9.53,9.53
139.62187464649801,142.421304568365,9.53,9.53
138.76747101379428,751.7020121578984,-9.53,9.53
143.5951503621995,141.30726339044168,9.53,9.53
137.5477209782898,321.5234234237028,-9.53,9.53
142.33822408180583,142.3980864435061,9.53,9.53
142.55487190197704,141.24293569243824,9.53,9.53
138.75916525824852,708.9526495832175,-9.53,9.53
141.94182973527603,141.49671664124452,9.53,9.53
140.18965235268968,138.82939858247258,9.53,9.53
141.72628801095124,574.1356994897959,-9.53,9.53
142.82937198561046,140.98732017541758,9.53,9.53
142.8173612965253,782.2380664647259,-9.53,9.53
143.98750728356333,682.6808181591573,-9.53,9.53
144.83323956992635,141.24139094188715,9.53,9.53
137.3853272511695,141.40343633247056,9.53,9.53
139.4124618523985,139.08639145728307,9.53,9.53
137.52743919703306,138.1404508134304,9.53,9.53
137.33800602558887,140.28507338699097,9.53,9.53
141.2021964158298,137.2429002661756,9.53,9.53
142.01379005620913,246.77675451771128,-9.53,9.53
143.24549796567132,144.57915173527394,9.53,9.53
140.79705113653935,141.44932946230793,9.53,9.53
139.8285267041592,702.5209781476792,-9.53,9.53
141.94653090216255,618.4761647938036,-9.53,9.53
144.2077222789101,141.30253892689578,9.53,9.53
140.20828086881565,141.99910316756814,9.53,9.53
137.3617905880997,140.45596415633113,9.53,9.53
139.92723006953582,140.10930462457264,9.53,9.53
141.5453937755346,696.1383145678388,-9.53,9.53
145.1367653236298,144.1587124512118,9.53,9.53
140.98410262094305,143.25638151151583,9.53,9.53
141.8156813005784,498.0422138135581,-9.53,9.53
142.10460622757475,141.27955665089715,9.53,9.53
140.3012255539966,140.2424319023635,9.53,9.53
140.93490438898272,424.16137981626116,-9.53,9.53
142.26045995936317,143.28826680405825,9.53,9.53
138.89609296835368,603.847041663088,-9.53,9.53
141.94747076236388,142.3547771806829,9.53,9.53
139.97872819036257,592.0797830856019,-9.53,9.53
145.41875777524123,138.44745158169462,9.53,9.53
138.98868847075593,140.88595958169336,9.53,9.53
139.91267315046463,698.1395454447199,-9.53,9.53
143.16946303804426,484.0375289028616,-9.53,9.53
142.17974483921785,140.52531856898935,9.53,9.53
143.37212526833335,139.1134004646611,9.53,9.53
141.62190062369697,141.64945105177426,9.53,9.53
139.4768293086062,136.66434090713466,9.53,9.53
140.8307195939652,141.33369063558862,9.53,9.53
140.8943173880089,142.3737900570999,9.53,9.53
137.92036760860816,141.2240231674147,9.53,9.53
143.7715794793005,143.19103976497632,9.53,9.53
142.28074031809263,716.0090909257635,-9.53,9.53
143.73294879628662,147.3915048957582,9.53,9.53
138.34597431676303,138.8855501313561,9.53,9.53
140.59190363764964,140.64655488951624,9.53,9.53
142.14511961277907,141.0551811213288,9.53,9.53
142.7070033437437,141.51441440340574,9.53,9.53
140.97558090832194,141.33561140089276,9.53,9.53
144.40642209524984,140.65343891560627,9.53,9.53
141.1521002034776,143.68770416581356,9.53,9.53
139.15729495561266,141.9687766716656,9.53,9.53
141.40866679414736,139.27257035103082,9.53,9.53
143.16570428577998,142.51454136547596,9.53,9.53
141.32234853428346,143.20505473287614,9.53,9.53
140.09451234238298,141.7724486545657,9.53,9.53
141.22591226852163,140.10133722889123,9.53,9.53
140.98533544850818,144.68563015362793,9.53,9.53
146.30409596411113,140.35192788029443,9.53,9.53
140.024942774116,144.78731231535434,9.53,9.53
140.52415467188848,141.45050995338406,9.53,9.53
138.53374809351527,141.63500405146604,9.53,9.53
142.35669141851744,140.22313194688,9.53,9.53
141.70526812648856,142.32821336524532,9.53,9.53
140.59674093877314,142.43128313294739,9.53,9.53
478.9510546902706,143.7524852290665,9.53,-9.53
743.9459415155827,142.4921884080665,9.53,-9.53
145.2641130438651,144.15490355513748,9.53,9.53
141.55068117041708,144.01287499982305,9.53,9.53
139.93401581996076,138.9970331535426,9.53,9.53
138.98899000422338,141.81220830512518,9.53,9.53
141.59270511438928,140.60588174317562,9.53,9.53
602.6842532313697,138.78052571859814,9.53,-9.53
139.67907070800678,141.42676849805972,9.53,9.53
668.2899937158983,142.9231161230124,9.53,-9.53
141.91618030851225,141.88086814197226,9.53,9.53
600.5077798286375,138.5749706795491,9.53,-9.53
140.66998302768022,140.64457958692802,9.53,9.53
137.85150536018264,142.86115395943702,9.53,9.53
328.0455699167358,138.64427497349064,9.53,-9.53
140.63869420055875,144.40162153192168,9.53,9.53
141.544671233602,139.6512198765617,9.53,9.53
140.39102643493834,138.62383731832463,9.53,9.53
596.2712145612991,143.29458238026515,9.53,-9.53
142.5417886438714,142.1993179622985,9.53,9.53
141.36269174713098,138.98162441026497,9.53,9.53
138.13835648148552,140.87114987483207,9.53,9.53
738.4670212460044,141.8308594167917,9.53,-9.53
142.20894886078636,141.39311766352833,9.53,9.53
141.34443858175482,140.60868584675984,9.53,9.53
141.02301137247875,139.9289577859604,9.53,9.53
139.82536975760337,142.2339684279704,9.53,9.53
140.68797793446882,139.69204770229862,9.53,9.53
140.95989764067082,142.00713474026583,9.53,9.53
141.29216108994757,139.41941840209776,9.53,9.53
143.81533280723218,141.25565791796436,9.53,9.53
142.59497397577823,139.4560123696739,9.53,9.53
142.3332701488616,142.15534759872327,9.53,9.53
141.25384781956564,142.0470166230461,9.53,9.53
142.90637535833685,139.8552854183085,9.53,9.53
143.69642407344512,140.31265766474473,9.53,9.53
144.42100793062184,141.09293796734931,9.53,9.53
141.50326121536747,142.15211976948473,9.53,9.53
138.85571881040426,141.59791461105652,9.53,9.53
141.24098978560542,141.56935178895756,9.53,9.53
142.65254304165586,141.00029485395274,9.53,9.53
140.03177002084334,143.3362403727072,9.53,9.53
140.63320123154762,143.1116681911799,9.53,9.53
142.57778917239375,139.90185975908437,9.53,9.53
141.25023373160218,138.78028770394582,9.53,9.53
142.55305189672848,142.81810622989954,9.53,9.53
138.58491283148655,141.2909011994137,9.53,9.53
140.3639019027056,141.96445134658902,9.53,9.53
141.3059550097083,142.75285086319636,9.53,9.53
141.16610936999723,140.6147654196384,9.53,9.53
139.82431422653545,138.66602098182216,9.53,9.53
144.0476291022829,139.27795676435665,9.53,9.53
140.1722778648201,141.39308689637699,9.53,9.53
140.71628843118296,230.09108568196206,-9.53,9.53
140.79437860517612,658.7114832501203,-9.53,9.53
144.36221902189857,143.6226725900463,9.53,9.53
142.65960974689682,139.8928896823374,9.53,9.53
139.14915623577994,213.12755509883488,-9.53,9.53
140.00695465729925,239.87166484491257,-9.53,9.53
141.53523664967653,142.04069176275786,9.53,9.53
140.4381405415775,138.663681593792,9.53,9.53
139.02694918442674,139.90165328772758,9.53,9.53
143.83552111696625,525.5590580812463,-9.53,9.53
141.33993435310842,141.51573719305995,9.53,9.53
140.21051905185143,800.9975510912593,-9.53,9.53
142.19933155721932,559.9184152654507,-9.53,9.53
145.06276914690343,142.48333047699364,9.53,9.53
141.38479067091816,141.38676738005532,9.53,9.53
140.24403606327016,141.61170482286232,9.53,9.53
139.21247049424358,141.1251652153243,9.53,9.53
143.59838137390975,836.3337802200349,-9.53,9.53
143.14288083941057,144.07047148268418,9.53,9.53
139.68062443102818,176.68132251787787,-9.53,9.53
142.9544960759681,144.07223737860835,9.53,9.53
138.9173359405803,138.2505501461333,9.53,9.53
140.54516317957066,537.7485509981335,-9.53,9.53
140.8052263459172,144.52932474232685,9.53,9.53
138.57289220689375,138.8976041864791,9.53,9.53
142.61974134405415,140.16201061576055,9.53,9.53
138.98216141306187,737.0275264876574,-9.53,9.53
144.74852875488773,141.96474100326841,9.53,9.53
140.93565296367052,182.0542993047985,-9.53,9.53
143.2446579546004,140.7433539379983,9.53,9.53
140.82982861761727,139.348987858735,9.53,9.53
142.6387510679135,138.85193633518884,9.53,9.53
140.26255311102446,353.18403755742264,-9.53,9.53
143.29806501846267,142.35121272667976,9.53,9.53
138.48807899845204,190.63688439768225,-9.53,9.53
143.9667239608465,142.47363702165356,9.53,9.53
139.68092890256196,139.15314086818398,9.53,9.53
137.6686455555679,139.1781615699054,9.53,9.53
140.11553173435118,321.55727364737095,-9.53,9.53
141.66823731879086,142.2126083254433,9.53,9.53
138.9701890502722,139.42883090894995,9.53,9.53
139.68619179170767,788.4075189447325,-9.53,9.53
142.0313185959754,141.06244160145644,9.53,9.53
141.14417769741317,141.75718143241855,9.53,9.53
140.6114823372813,808.4672566056191,-9.53,9.53
142.4409831534395,737.482160290946,-9.53,9.53
141.32426798005676,143.93304267922093,9.53,9.53
140.40214543580683,140.26600023774193,9.53,9.53
139.17376842038615,141.1787739319061,9.53,9.53
139.16665939309937,140.34004424779008,9.53,9.53
138.98364622684966,179.01657612449534,-9.53,9.53
141.17003324675605,141.70652689151626,9.53,9.53
140.28665787925914,140.29285380490379,9.53,9.53
140.40783292054138,584.9993382727646,-9.53,9.53
141.5291010029002,142.69361259636298,9.53,9.53
141.99291862138037,139.72287312351352,9.53,9.53
141.38585777266402,141.04221774578687,9.53,9.53
139.51509208770233,714.1616906767615,-9.53,9.53
143.82595905136728,142.45829749954234,9.53,9.53
142.18430882842526,143.19979084520423,9.53,9.53
140.7351676809501,412.7798337400163,-9.53,9.53
144.62870770831083,143.99981388434125,9.53,9.53
141.01174119815371,141.13402158705108,9.53,9.53
141.18350794423196,371.05026406280376,-9.53,9.53
141.72827800039408,141.86708340088484,9.53,9.53
139.37637401315058,139.26009401892185,9.53,9.53
140.18796014374746,141.44788019192708,9.53,9.53
142.43488498212957,330.54634977198714,-9.53,9.53
141.15418183829334,146.17529286117053,9.53,9.53
139.99839033083788,137.93999970857095,9.53,9.53
139.98937880948463,706.5042170076563,-9.53,9.53
142.0284801849349,166.4289740190775,-9.53,9.53
143.19745116165893,140.93629127460233,9.53,9.53
140.01560292234115,140.55488033926753,9.53,9.53
140.12585858687513,141.84351060939713,9.53,9.53
140.27769581330634,139.56596735970092,9.53,9.53
139.44158897926377,139.4826650542187,9.53,9.53
140.5874800541248,141.30560799872467,9.53,9.53
140.44255922623057,140.11688873915094,9.53,9.53
142.40974022177738,141.04626475204327,9.53,9.53
139.85936815858338,142.5567650341417,9.53,9.53
140.94688144536897,140.31556038248178,9.53,9.53
142.9783808048455,140.75640531652252,9.53,9.53
141.1887559044088,140.0270951310609,9.53,9.53
142.50015229706796,142.06043560694923,9.53,9.53
140.00080002262592,141.84047237607098,9.53,9.53
139.7398544442405,141.74582054321945,9.53,9.53
140.5906534743143,140.88568405940651,9.53,9.53
140.51211107298755,144.6028110745606,9.53,9.53
140.95329726511235,142.03038208394463,9.53,9.53
142.4556950193338,140.63651525587196,9.53,9.53
140.85456516293846,140.2953974686052,9.53,9.53
139.78316050187036,141.03248271642502,9.53,9.53
139.18052207620016,142.8035980584124,9.53,9.53
142.664107766808,140.7529529730632,9.53,9.53
143.46134175257325,142.34991058203664,9.53,9.53
141.25140705932768,141.62812289597807,9.53,9.53
142.15060369311777,140.73702716712975,9.53,9.53
141.85138235714197,139.08791371160763,9.53,9.53
140.4234442468501,138.36800551845073,9.53,9.53
141.87392319200495,141.80167913623603,9.53,9.53
140.26656214018945,143.80288325691058,9.53,9.53
141.9133652693962,142.53570897946938,9.53,9.53
142.8375122038115,139.15849924033927,9.53,9.53
142.01370620128213,140.11089888411624,9.53,9.53
140.33822348894282,144.2061937620969,9.53,9.53
143.1734429332004,140.64212630440423,9.53,9.53
142.1124776367455,140.8631864681491,9.53,9.53
678.5910734954037,142.24546441633086,9.53,-9.53
258.07486586314906,144.55032982345006,9.53,-9.53
145.53193100752043,143.68029522409392,9.53,9.53
141.31159818465824,142.03496706089172,9.53,9.53
138.702115316001,141.91785148167014,9.53,9.53
822.0053738985977,138.78614349736517,9.53,-9.53
765.9293760288072,143.3090196426573,9.53,-9.53
143.69490683648868,142.29542992091666,9.53,9.53
142.26647014038994,138.6774992849065,9.53,9.53
140.2717462505375,138.2688484822549,9.53,9.53
761.180339516741,141.43057932354415,9.53,-9.53
141.92804567853818,143.10874529749523,9.53,9.53
201.9010321365954,142.10771530689672,9.53,-9.53
142.49986040340988,141.85843859387828,9.53,9.53
139.680178368332,139.86274006255863,9.53,9.53
139.5106467746638,139.9732287297381,9.53,9.53
143.054290050338,142.6013162582047,9.53,9.53
140.02137426718505,141.4309095145921,9.53,9.53
142.9466197550382,138.39834737480805,9.53,9.53
143.43239508178823,142.1542666752194,9.53,9.53
758.381814469551,141.22632881646288,9.53,-9.53
144.51656018993873,144.43191414285133,9.53,9.53
140.4753006500466,142.50974650152554,9.53,9.53
142.4218848915545,141.05072449159843,9.53,9.53
140.22754952034347,142.29512352894346,9.53,9.53
140.0966324082728,141.33552698821177,9.53,9.53
139.40177537291015,139.16432401671028,9.53,9.53
137.95649031111793,137.2920943131155,9.53,9.53
139.45886162754897,141.92707909406815,9.53,9.53
143.0051745601565,144.0342799462799,9.53,9.53
140.1045905390726,141.95778189545888,9.53,9.53
141.27856573301497,143.66777181561727,9.53,9.53
140.0729373440958,137.8845567695673,9.53,9.53
142.336575781916,140.18115939955504,9.53,9.53
141.83148412134585,140.0558815520171,9.53,9.53
141.53548326697074,142.45254550198754,9.53,9.53
140.42015141934772,141.26018313915776,9.53,9.53
141.4588527285679,142.44772816607787,9.53,9.53
143.43143449229515,203.5974496212423,-9.53,9.53
143.16773353486877,684.3566875977457,-9.53,9.53
142.9395812263369,144.38929263005866,9.53,9.53
144.392718695723,143.87902804340365,9.53,9.53
139.40063275683275,139.16961558877978,9.53,9.53
139.30506730735118,267.47281707763676,-9.53,9.53
139.98688134075408,140.80577520948142,9.53,9.53
139.47971816171489,645.9505491391935,-9.53,9.53
143.43704820719103,285.2617363241575,-9.53,9.53
141.0367505354466,143.53183625281852,9.53,9.53
141.80238184417507,141.00078945017563,9.53,9.53
139.00350385058294,140.56273843222596,9.53,9.53
138.4016637165296,140.4900956502755,9.53,9.53
137.15418035510027,140.80710617639951,9.53,9.53
139.66972507213805,725.4235039921535,-9.53,9.53
145.0367517325088,335.98409263303773,-9.53,9.53
145.53682901247376,146.7302148478015,9.53,9.53
141.03055267427706,138.81660983315064,9.53,9.53
141.45310173312316,140.2101808370825,9.53,9.53
141.66388514387256,140.37541296379342,9.53,9.53
137.19412910332989,767.4248226671277,-9.53,9.53
141.4531891835767,142.265372048982,9.53,9.53
141.64161498598565,154.1815700523204,9.53,9.53
141.7007595627982,829.8276865766328,-9.53,9.53
143.63946415615092,356.6617773638621,-9.53,9.53
145.6146994744793,143.0524556841786,9.53,9.53
138.53172983121158,140.43897557417318,9.53,9.53
140.50407668228135,141.14530290316642,9.53,9.53
140.91425627389003,480.60630632187855,-9.53,9.53
141.20591693253095,141.44486575414027,9.53,9.53
140.09799022618344,140.86833984699564,9.53,9.53
142.5880702938613,137.80613617712328,9.53,9.53
137.52440166281875,139.48516887768974,9.53,9.53
140.32519916407225,817.4378791365735,-9.53,9.53
142.53354875032238,398.1027376284211,-9.53,9.53
144.31440958363595,144.6424480050907,9.53,9.53
139.26151487229978,141.4935140077017,9.53,9.53
135.51239403500279,139.83829319613622,9.53,9.53
141.1765080279246,140.1547805121916,9.53,9.53
141.59750692397736,691.8147306874428,-9.53,9.53
143.27564949528718,143.3229914313056,9.53,9.53
139.25982741886432,140.75026684941915,9.53,9.53
140.28536436271892,141.37148069644633,9.53,9.53
141.26449006322562,527.4959145235567,-9.53,9.53
142.71502568226748,143.6839405275897,9.53,9.53
142.31814731201996,138.7939967503171,9.53,9.53
142.01149442235774,687.8428625734298,-9.53,9.53
142.9910497372594,142.3280906324227,9.53,9.53
141.95248115754876,140.61937224052463,9.53,9.53
141.1379058577065,686.0152554479431,-9.53,9.53
141.81453847599158,143.5730091534084,9.53,9.53
142.1988218443071,140.18208474948923,9.53,9.53
136.325176262664,628.381534214635,-9.53,9.53
140.71415762219402,145.48210978807597,9.53,9.53
139.97411609927158,476.76944826923693,-9.53,9.53
140.98633786155713,140.88504735344628,9.53,9.53
138.08306109476788,140.84537974805787,9.53,9.53
141.632644379433,774.9239832242313,-9.53,9.53
143.55357250117206,142.06653617391407,9.53,9.53
138.6087203441917,140.40378085230844,9.53,9.53
140.56714316470794,732.8444392118962,-9.53,9.53
142.24701876256222,553.4454577966715,-9.53,9.53
141.70602778704435,141.7264945866382,9.53,9.53
140.78917110449513,141.30531036459877,9.53,9.53
138.60654695504337,141.15714521844225,9.53,9.53
142.48963113957475,140.8339078481077,9.53,9.53
140.67463505836167,141.46465094597744,9.53,9.53
139.89982610206025,140.68917226040608,9.53,9.53
140.28434212173258,140.8023834990545,9.53,9.53
142.25280131471962,497.91739000460893,-9.53,9.53
143.67550674837182,143.68362836627915,9.53,9.53
142.00399249235625,139.1873665912239,9.53,9.53
139.32107528176363,141.86146886550176,9.53,9.53
142.006094319805,140.0453701712649,9.53,9.53
140.23279011759087,139.2460533236449,9.53,9.53
143.79520663349476,143.16417678614627,9.53,9.53
141.76465159076406,141.4405387943802,9.53,9.53
142.0994112208036,141.04144072666855,9.53,9.53
140.3619642701173,141.32524128985034,9.53,9.53
141.65436697251994,143.46136412260654,9.53,9.53
141.67809539743743,142.30504230703022,9.53,9.53
143.0203631734234,139.29658100161942,9.53,9.53
143.39975207842642,141.8081308571765,9.53,9.53
140.24054068651466,142.7140817736174,9.53,9.53
139.88969169590717,143.90405242838355,9.53,9.53
142.75802154437056,140.25643711073008,9.53,9.53
140.6776482706765,140.201788891319,9.53,9.53
139.50044389700278,143.2951910606287,9.53,9.53
142.01834575583445,140.41079862186774,9.53,9.53
141.70300554553708,141.39491340225865,9.53,9.53
140.72459643619314,140.22406400055897,9.53,9.53
140.82403182159132,139.28371373350046,9.53,9.53
141.6031484526877,141.00743393793024,9.53,9.53
142.74156751387434,143.45153467913516,9.53,9.53
139.58262635721175,140.79364612265005,9.53,9.53
140.36040532159967,140.88542730220493,9.53,9.53
141.13049991104876,138.41699969019453,9.53,9.53
380.92126519851774,143.5679084629357,9.53,-9.53
144.75770950297343,142.12230070329284,9.53,9.53
830.7638632787716,142.05647136666823,9.53,-9.53
471.26146392476136,144.04848472474916,9.53,-9.53
143.06762066701833,141.78507593587238,9.53,9.53
142.19058757708936,138.33147674326315,9.53,9.53
525.8536768378526,140.39346698105564,9.53,-9.53
144.85025121551826,142.03264722651608,9.53,9.53
139.30303437294353,141.33788565406866,9.53,9.53
140.75260716225412,137.0477868980526,9.53,9.53
263.5836897180968,141.8958519094947,9.53,-9.53
142.71197041514557,144.72269527270507,9.53,9.53
140.4517494141794,141.1507439261106,9.53,9.53
139.28875402587295,140.44081131077948,9.53,9.53
139.42111704443903,140.3565350732848,9.53,9.53
141.83719058245094,137.33855441420835,9.53,9.53
140.50221333731628,141.95019377239527,9.53,9.53
143.45935124499138,142.8391860697179,9.53,9.53
141.45138196192445,141.0401308297813,9.53,9.53
139.99147491912075,141.6186510595535,9.53,9.53
140.8408778009773,141.88497828635442,9.53,9.53
143.11414500141504,142.13890914822161,9.53,9.53
140.42893594157326,141.11663681447544,9.53,9.53
140.8335951211138,141.30319236758726,9.53,9.53
139.26624085293838,140.5670364083198,9.53,9.53
140.05111169375098,140.53055828688755,9.53,9.53
143.07986837056526,142.52942411741788,9.53,9.53
140.31382313012597,142.52856211120687,9.53,9.53
140.22743475555103,141.3247521391012,9.53,9.53
141.2977319367935,140.2396488241565,9.53,9.53
140.61924140224602,139.19522851200506,9.53,9.53
142.29051320808705,141.60972904902678,9.53,9.53
140.39830077617557,141.81976296653795,9.53,9.53
144.76879470088224,139.4293216865004,9.53,9.53
141.99334926793014,143.29053488124657,9.53,9.53
141.1592590334912,141.8581435105116,9.53,9.53
139.07860449174186,144.8060217581891,9.53,9.53
143.2422074369407,834.5443989938192,-9.53,9.53
142.42222621210087,831.4665766782371,-9.53,9.53
143.0985602563386,338.2158907271953,-9.53,9.53
143.0806441367211,142.4567399478252,9.53,9.53
139.65793291738953,142.60774919031067,9.53,9.53
134.79064651186135,140.73442773913328,9.53,9.53
140.63522875871882,140.57985749805766,9.53,9.53
139.66192089064475,826.9629464340401,-9.53,9.53
138.39434236611515,826.6079172496255,-9.53,9.53
143.87323877109563,535.1301389948777,-9.53,9.53
142.26633657946803,146.08337542960228,9.53,9.53
140.13773623247226,141.00660555784518,9.53,9.53
140.04414880198803,139.54899770304175,9.53,9.53
140.9309937645319,140.28314777921153,9.53,9.53
142.17445765236224,141.22542573698027,9.53,9.53
142.05090728704795,137.66594400547126,9.53,9.53
140.92273651524417,795.4489039611335,-9.53,9.53
145.86796831237436,339.9781488457602,-9.53,9.53
141.9966549290223,144.32610070156164,9.53,9.53
140.10507485080464,139.38500094969405,9.53,9.53
138.71963764133938,140.68882443605634,9.53,9.53
140.45250901508257,139.6970079108557,9.53,9.53
141.42879064988296,660.192600013364,-9.53,9.53
140.70323516951612,644.584277208632,-9.53,9.53
142.06870562815013,141.46135519438656,9.53,9.53
141.53135411603856,141.27857917081306,9.53,9.53
138.6832524489364,141.18816219999783,9.53,9.53
139.67916395909472,141.271592065159,9.53,9.53
141.42402023583557,140.96797072628502,9.53,9.53
139.81093530631392,602.190634543927,-9.53,9.53
142.1922082196463,141.48579557087442,9.53,9.53
139.83981585990028,151.8530388460383,9.53,9.53
139.38432595215633,824.7667347136153,-9.53,9.53
142.88202526383336,143.03249777992684,9.53,9.53
143.03917266813662,609.0091561917345,-9.53,9.53
141.71821204404782,145.96368706018674,9.53,9.53
138.70522622772427,139.60834401023092,9.53,9.53
141.04247546941946,141.32804079364303,9.53,9.53
140.55782578284,540.2553852192052,-9.53,9.53
143.85160917558534,142.98161380230275,9.53,9.53
139.78152515151666,139.34349673267326,9.53,9.53
139.9789281244427,138.48553854992474,9.53,9.53
142.29253474030634,730.1672505198716,-9.53,9.53
142.1731938203264,143.2264382271527,9.53,9.53
140.3898146582234,140.87374722941806,9.53,9.53
138.69997458324983,694.3557273306673,-9.53,9.53
142.92619955816332,142.48444499161587,9.53,9.53
140.1678316736677,141.7854566065486,9.53,9.53
140.790450644456,442.2497508689344,-9.53,9.53
143.97496917370412,142.70430272863334,9.53,9.53
140.44123859817253,142.90009143387,9.53,9.53
141.58463500032937,140.9038113608044,9.53,9.53
140.69420399048678,610.3745045688169,-9.53,9.53
142.1917633641279,142.18551595224707,9.53,9.53
140.54757714133387,141.27086479248598,9.53,9.53
143.2627913459766,397.04598826742006,-9.53,9.53
142.11339858402548,142.76768527107046,9.53,9.53
141.34968525983393,140.50913868793987,9.53,9.53
138.70565548476256,138.7868575236717,9.53,9.53
143.0162307270482,602.9503637023801,-9.53,9.53
141.84206988369618,141.12191291761528,9.53,9.53
143.2488595804021,139.24977313642847,9.53,9.53
139.5761507139147,140.05880125081706,9.53,9.53
142.04876293092693,142.9256707289072,9.53,9.53
140.3646901392252,142.02399764897584,9.53,9.53
143.66778597561265,141.36478335609698,9.53,9.53
142.45449259927466,140.20190545090165,9.53,9.53
142.67985048459232,142.3997642384975,9.53,9.53
140.15974233178753,141.72814968584646,9.53,9.53
142.57489356243207,138.78665517952214,9.53,9.53
142.39651025456558,139.14127114790608,9.53,9.53
140.69044540910596,139.18904967027655,9.53,9.53
140.37582460404565,139.79125601798256,9.53,9.53
141.4809686482577,141.44251957477638,9.53,9.53
142.18840858384476,141.9802967744312,9.53,9.53
140.4768517927859,141.93445255626676,9.53,9.53
140.72237123839176,143.10670386679573,9.53,9.53
141.5040499973255,142.15696034242308,9.53,9.53
143.1478185980566,141.89405628197338,9.53,9.53
143.57725316177968,141.55344552442375,9.53,9.53
143.27391581544276,140.4146817752805,9.53,9.53
141.74649923498234,140.89830282731958,9.53,9.53
139.38949521055946,142.572939436923,9.53,9.53
814.0541763968467,141.71740007075255,9.53,-9.53
400.31224666033705,142.59892476273203,9.53,-9.53
143.37594610983402,145.3270520523792,9.53,9.53
140.86679007925088,138.1119482262503,9.53,9.53
813.3783131710775,136.60036109852686,9.53,-9.53
333.40549348026997,140.2969707614879,9.53,-9.53
143.57735883372868,143.27491374862473,9.53,9.53
137.99684097323163,137.09324882449695,9.53,9.53
140.57672097753468,140.1011461722636,9.53,9.53
140.60137348617792,137.9700808880393,9.53,9.53
141.05948810486046,140.3228941527994,9.53,9.53
644.2526332627133,142.43481466353788,9.53,-9.53
142.53802389631792,141.27915013270515,9.53,9.53
140.0919822172761,138.21185320369264,9.53,9.53
137.46449257256688,140.90884202350813,9.53,9.53
683.5359769466795,142.01531870444802,9.53,-9.53
142.10543498064092,142.9001526865685,9.53,9.53
140.73217695137873,142.59726109701512,9.53,9.53
663.60837369787,142.52024478065476,9.53,-9.53
141.9697840927266,144.05545403466277,9.53,9.53
139.37175786435117,143.23573856946874,9.53,9.53
139.67816093791726,141.10460563532098,9.53,9.53
142.10243684629364,139.42393635939533,9.53,9.53
140.31140413502789,140.78520567801402,9.53,9.53
141.9739046416579,141.38933157777475,9.53,9.53
139.7226859643251,141.2756441991419,9.53,9.53
139.83122326620025,140.46094349595768,9.53,9.53
138.3789372961892,145.03686627673304,9.53,9.53
139.44383876896484,142.1582234772373,9.53,9.53
140.84993759918964,140.78960562094642,9.53,9.53
141.27413628197786,139.56159153307559,9.53,9.53
142.15846147832033,142.43761656777681,9.53,9.53
143.19305319855286,138.51081848287043,9.53,9.53
142.55652959022865,140.6540343296174,9.53,9.53
144.4224149599587,142.7517977019722,9.53,9.53
140.15676100190896,140.6167999538765,9.53,9.53
142.15672184624742,142.90368345803472,9.53,9.53
144.05022891808193,143.00264497084157,9.53,9.53
141.15541655604832,142.50100732804484,9.53,9.53
141.08217668340106,142.85646369757336,9.53,9.53
140.17492212858133,141.82443281269775,9.53,9.53
141.55015879705843,139.71673847448898,9.53,9.53
144.47173179005478,142.89809753421386,9.53,9.53
141.86341742300934,179.4747919606234,-9.53,9.53
142.55238997602564,145.87327431096176,9.53,9.53
140.40496218617005,422.48605285754326,-9.53,9.53
143.02594639438948,141.15134507592163,9.53,9.53
139.47603744969828,541.3085474974433,-9.53,9.53
141.80479001526564,142.3853564525757,9.53,9.53
141.43621189277948,787.5122368979995,-9.53,9.53
139.72617528459017,182.73685318069238,-9.53,9.53
143.60692040866806,143.76051190535986,9.53,9.53
139.25189912086316,139.63537146844985,9.53,9.53
136.9659149927151,139.1242426180124,9.53,9.53
142.4857983494993,138.76711441495823,9.53,9.53
139.78740447431252,359.4471998933856,-9.53,9.53
141.79656987156977,141.6667504636469,9.53,9.53
140.00862992659523,638.5563368871783,-9.53,9.53
142.6329845519783,140.6216769225891,9.53,9.53
136.35575056633613,545.3761904573545,-9.53,9.53
143.28540938424243,142.62881857365812,9.53,9.53
142.51979309732724,653.9321767783227,-9.53,9.53
142.0752597942278,470.0578493039094,-9.53,9.53
142.7497869517524,143.12776845886663,9.53,9.53
138.827505509245,139.39999925391504,9.53,9.53
137.11664727133171,139.53402059846752,9.53,9.53
140.02224183529142,140.91862418622438,9.53,9.53
140.7777861167993,140.08686850970955,9.53,9.53
140.9426685970129,141.81466931669445,9.53,9.53
141.3845744053674,471.4647400161646,-9.53,9.53
144.77167019337443,466.1526469958222,-9.53,9.53
142.0748321514938,144.38810293009612,9.53,9.53
138.71602113925115,140.61906658722225,9.53,9.53
143.08625762239552,139.5582517792091,9.53,9.53
139.81717749750288,140.31263997301266,9.53,9.53
140.24665631331018,141.49177352563098,9.53,9.53
141.96858601810493,141.98532417323838,9.53,9.53
139.42264681976164,140.59484752598019,9.53,9.53
138.39346485760322,424.2226650048431,-9.53,9.53
144.96569632486705,144.0366147247415,9.53,9.53
140.65490776285756,602.0851439980688,-9.53,9.53
143.12101559521128,144.4273210334416,9.53,9.53
138.97345986561663,141.18366465057005,9.53,9.53
141.31350912285723,249.88521695199503,-9.53,9.53
141.1813454895389,142.01021376052677,9.53,9.53
143.26150483761643,684.1610865165768,-9.53,9.53
144.8335594731585,416.00019187338717,-9.53,9.53
144.5949508682731,140.74379220943766,9.53,9.53
142.6088219873604,140.51063355711358,9.53,9.53
137.67504964290157,140.30661559903365,9.53,9.53
138.63925493453903,140.0181637488935,9.53,9.53
141.87367054811924,140.49326538786693,9.53,9.53
141.47221391676436,140.11013307165575,9.53,9.53
142.5661803582673,799.2922389701101,-9.53,9.53
143.28990330458464,143.3426493261226,9.53,9.53
140.5229549743855,713.6108164703078,-9.53,9.53
141.4896884874412,141.15595881149844,9.53,9.53
139.33241888072445,141.76490873401985,9.53,9.53
141.02225841563194,199.82943141104207,-9.53,9.53
144.79637076889165,141.3904922870463,9.53,9.53
137.53948594683948,138.65972330520611,9.53,9.53
142.40117037527176,137.48488727533575,9.53,9.53
139.77993347600395,139.6890843439052,9.53,9.53
141.11962056867446,517.4547018703832,-9.53,9.53
143.06257702696885,140.96682883437066,9.53,9.53
140.4721395238422,139.65740834831456,9.53,9.53
140.4366862423107,140.02863156075512,9.53,9.53
139.63525591065317,142.82973607235726,9.53,9.53
142.47920779208067,143.41152364997086,9.53,9.53
142.1084365355272,139.5224533289075,9.53,9.53
142.1207622215677,141.23722416510378,9.53,9.53
140.57931109232993,141.0102532947002,9.53,9.53
138.83450517131905,141.8667048506864,9.53,9.53
140.50400134290228,142.54052724078855,9.53,9.53
141.95431021696177,789.2360458336595,-9.53,9.53
144.29464871258227,144.13975577030504,9.53,9.53
141.9166998860387,141.04821950589536,9.53,9.53
142.7766182614095,138.71519513788704,9.53,9.53
138.90063213123014,138.78715501358258,9.53,9.53
140.6932891674493,141.28388626064827,9.53,9.53
141.96051920982225,142.08317871134545,9.53,9.53
141.509178583019,143.129055925655,9.53,9.53
143.49595073112522,139.4996132241611,9.53,9.53
139.6300841628629,140.57120333049906,9.53,9.53
139.6373463868242,141.33596370551197,9.53,9.53
140.87758028666232,142.88817301565012,9.53,9.53
140.11598382583853,142.26862077347857,9.53,9.53
139.77743905996516,140.7317400856658,9.53,9.53
142.5558845710246,141.51614819262625,9.53,9.53
140.33567391533435,143.2154250462033,9.53,9.53
140.0182898125894,140.45936831757723,9.53,9.53
142.24934301917446,142.4266544702107,9.53,9.53
141.43223820284845,141.67035158409587,9.53,9.53
142.46480714661556,140.81380477109437,9.53,9.53
140.88260843830088,142.5583706726203,9.53,9.53
141.29841874100376,144.79125056440702,9.53,9.53
140.966665292281,142.18904037578528,9.53,9.53
139.96707329592283,141.87315426179484,9.53,9.53
143.8694886662674,140.11979028899148,9.53,9.53
172.7080880987244,140.73621607032516,9.53,-9.53
143.1206014632601,142.21613966447137,9.53,9.53
141.46355504946249,140.39959799607564,9.53,9.53
618.2181924366386,140.85651657135833,9.53,-9.53
142.22902925018437,144.35590367361527,9.53,9.53
549.0219452981996,138.92293470415945,9.53,-9.53
142.55639964140906,144.16528382542353,9.53,9.53
142.60412350622445,143.3628470035256,9.53,9.53
742.8640725620068,140.15112063265434,9.53,-9.53
296.38493838838673,142.72652561350665,9.53,-9.53
140.47612817259056,144.64448803066003,9.53,9.53
140.2494473399411,139.56631335327347,9.53,9.53
139.6566680041637,139.95792656876972,9.53,9.53
139.0589093877364,139.95542635147973,9.53,9.53
141.69780173452529,142.1493659857312,9.53,9.53
140.00152818727844,138.76616611115782,9.53,9.53
141.3774866849471,140.6167016693162,9.53,9.53
140.27494627016358,143.34664060600073,9.53,9.53
140.65912592462692,139.10693114543648,9.53,9.53
141.64410286776763,140.20200330154827,9.53,9.53
142.18990089269153,141.03012003451593,9.53,9.53
142.40926645599706,139.0366125658573,9.53,9.53
141.12316058346678,142.74995948805704,9.53,9.53
141.8473086148578,139.61593349257416,9.53,9.53
141.9208852739852,140.01488530226948,9.53,9.53
139.3831370820949,141.90075796849342,9.53,9.53
141.17383430599955,141.20352949699995,9.53,9.53
142.18294747892244,139.20485053478214,9.53,9.53
141.93588052290147,139.04284383416635,9.53,9.53
143.66132871916645,142.97090306076055,9.53,9.53
141.9545965148547,140.7788905879802,9.53,9.53
141.8545534017644,326.35647848923657,-9.53,9.53
140.72090038685386,145.07420901588893,9.53,9.53
139.02159172802047,142.64700616419964,9.53,9.53
139.57977773681387,830.990086854807,-9.53,9.53
143.23151752406937,267.9125690288639,-9.53,9.53
144.71978062742699,142.6837351813323,9.53,9.53
141.2629461110559,139.80666894458918,9.53,9.53
140.0105024246419,649.6550656102323,-9.53,9.53
144.3365540168063,144.17021691193278,9.53,9.53
140.36836932290652,144.10505464547578,9.53,9.53
140.03120763272437,673.6226638060775,-9.53,9.53
141.75441211988814,143.40340635801604,9.53,9.53
139.6202048703629,776.5054110553268,-9.53,9.53
142.95322673226966,143.06828393298613,9.53,9.53
139.6621761979135,707.7675541600703,-9.53,9.53
140.7450895331433,139.13528922383637,9.53,9.53
137.60138293672406,140.82891579464166,9.53,9.53
140.2066988712801,138.90792462906057,9.53,9.53
140.6312868053068,723.9396536199466,-9.53,9.53
143.47691179019748,141.30469660415366,9.53,9.53
141.16294237375956,808.0948139243868,-9.53,9.53
143.77228362645272,557.1737373373765,-9.53,9.53
144.07950102422544,144.4803529869594,9.53,9.53
140.0637584023739,141.40449233707852,9.53,9.53
137.93463460212888,138.5162301468586,9.53,9.53
139.43311164298348,137.883516750328,9.53,9.53
142.04643965589685,140.8760591549472,9.53,9.53
138.90209558675437,140.57526557988592,9.53,9.53
141.24545511733214,499.37329109547306,-9.53,9.53
141.77832502254046,142.8575087789193,9.53,9.53
138.82537469175907,139.24296687829656,9.53,9.53
139.9649045018717,248.47776880195158,-9.53,9.53
142.58095127894197,139.53933970322933,9.53,9.53
141.24776307295926,141.91390294205866,9.53,9.53
141.40448481646428,825.9099524472146,-9.53,9.53
141.6126070249974,635.643685100471,-9.53,9.53
